样本编号,类型,数据库ID,抽样方式,实体名,主语,关系,宾语,定义,别名,观察数,连接度,关系全库频次,证据数,来源位置,Passage IDs,原文证据,人工结论（合格/不合格/不确定）,问题类型（实体边界/重复或误合并/端点/关系/方向/证据/上下文/其他）,建议修改,备注
E01,Entity,1695,Entity全库确定性均匀抽样,深度门控循环神经网络,,,,用门控循环单元（GRU）隐状态替代标准RNN隐状态所构造的深度循环神经网络变体,深度门控循环神经网络,1,1,,,"P004334 section 《动手学深度学习》 > 现代循环神经网络 > 深度循环神经网络 > 函数依赖关系; page 1, chars 624027-624169",["P004334"],与多层感知机一样，隐藏层数目$L$和隐藏单元数目$h$都是超参数。 也就是说，它们可以由我们调整的。 另外，用门控循环单元或长短期记忆网络的隐状态 来代替 :eqref:`eq_deep_rnn_H`中的隐状态进行计算， 可以很容易地得到深度门控循环神经网络或深度长短期记忆神经网络。,合格,,,
E02,Entity,3390,Entity全库确定性均匀抽样,上下文无关表示,,,,任何词元 x 的表示是函数 f(x)，其仅将 x 作为输入，不依赖于上下文。,context-independent representation | 上下文无关表示,1,2,,,"P008156 section 《动手学深度学习》 > 自然语言处理：预训练 > 来自Transformers的双向编码器表示（BERT） > 从上下文无关到上下文敏感; page 1, chars 1297282-1297590",["P008156"],回想一下 :numref:`sec_word2vec_pretraining`和 :numref:`sec_synonyms`中的实验。例如，word2vec和GloVe都将相同的预训练向量分配给同一个词，而不考虑词的上下文（如果有的话）。形式上，任何词元$x$的上下文无关表示是函数$f(x)$，其仅将$x$作为其输入。考虑到自然语言中丰富的多义现象和复杂的语义，上下文无关表示具有明显的局限性。例如，在“a crane is flying”（一只鹤在飞）和“a crane driver came”（一名吊车司机来了）的上下文中，“crane”一词有完全不同的含义；因此，同一个词可以根据上下文被赋予不同的表示。,不合格,,,本质原因是原文证据关系不大
E03,Entity,541,Entity全库确定性均匀抽样,瞬时变化率,,,,导数 f'(x) 的解释，即 f(x) 相对于 x 的变化率，基于 x 中的变化 h 且 h 接近 0。,instantaneous rate of change | 瞬时变化率,1,1,,,"P000713 section 《动手学深度学习》 > 预备知识 > 微积分 > 导数和微分; page 1, chars 81721-81915",["P000713"],如果$f'(a)$存在，则称$f$在$a$处是*可微*（differentiable）的。 如果$f$在一个区间内的每个数上都是可微的，则此函数在此区间中是可微的。 我们可以将 :eqref:`eq_derivative`中的导数$f'(x)$解释为$f(x)$相对于$x$的*瞬时*（instantaneous）变化率。 所谓的瞬时变化率是基于$x$中的变化$h$，且$h$接近$0$。,合格,,,
E04,Entity,2236,Entity全库确定性均匀抽样,简明实现（BatchNorm与LeNet）,,,,本节小节名，介绍利用深度学习框架内置的 BatchNorm 等高级 API 简洁地构建并训练 LeNet 风格网络,**简明实现** | 简明实现,1,1,,,"P003447 section 《动手学深度学习》 > 现代卷积神经网络 > 批量规范化 > [**简明实现**]; page 1, chars 469505-469520; P003448 section 《动手学深度学习》 > 现代卷积神经网络 > 批量规范化 > [**简明实现**]; page 1, chars 469522-469596","[""P003447"", ""P003448""]",#### [**简明实现**] 除了使用我们刚刚定义的`BatchNorm`，我们也可以直接使用深度学习框架中定义的`BatchNorm`。 该代码看起来几乎与我们上面的代码相同。,不合格,,,主要这不是一个entity
E05,Entity,1082,Entity全库确定性均匀抽样,启发式的初始化方法,,,,用于确保初始梯度既不太大也不太小的经验性参数初始化方法。,启发式的初始化方法,1,1,,,"P002089 section 《动手学深度学习》 > 多层感知机 > 数值稳定性和模型初始化 > 小结; page 1, chars 268769-268964",["P002089"],* 梯度消失和梯度爆炸是深度网络中常见的问题。在参数初始化时需要非常小心，以确保梯度和参数可以得到很好的控制。 * 需要用启发式的初始化方法来确保初始梯度既不太大也不太小。 * ReLU激活函数缓解了梯度消失问题，这样可以加速收敛。 * 随机初始化是保证在进行优化前打破对称性的关键。 * Xavier初始化表明，对于每一层，输出的方差不受输入数量的影响，任何梯度的方差不受输出数量的影响。,不合格,,,不是一个entity
E06,Entity,2777,Entity全库确定性均匀抽样,平滑L1范数损失,,,,一种损失函数，在零点附近使用平方函数从而更平滑，通过超参数σ控制平滑区域：当σ非常大时类似于L1范数损失，当σ较小时损失函数更平滑。,smooth_l1 | 平滑L1范数损失,1,2,,,"P007172 section 《动手学深度学习》 > 计算机视觉 > 单发多框检测（SSD） > 练习; page 1, chars 1136103-1136207; P007173 section 《动手学深度学习》 > 计算机视觉 > 单发多框检测（SSD） > 练习; page 1, chars 1136209-1136345; P007174 section 《动手学深度学习》 > 计算机视觉 > 单发多框检测（SSD） > 练习; page 1, chars 1136347-1136394","[""P007172"", ""P007173"", ""P007174""]","1. 能通过改进损失函数来改进单发多框检测吗？例如，将预测偏移量用到的$L_1$范数损失替换为平滑$L_1$范数损失。它在零点附近使用平方函数从而更加平滑，这是通过一个超参数$\sigma$来控制平滑区域的： $$ f(x) = \begin{cases} (\sigma x)^2/2,& \text{if }|x| < 1/\sigma^2\\ |x|-0.5/\sigma^2,& \text{otherwise} \end{cases} $$ 当$\sigma$非常大时，这种损失类似于$L_1$范数损失。当它的值较小时，损失函数较平滑。",合格,,,
E07,Entity,1623,Entity全库确定性均匀抽样,预热期,,,,循环神经网络语言模型中，在正式预测前遍历prefix起始字符、不断将隐状态传递至下一时间步而不生成输出的阶段，使模型自我更新隐状态，以获得比初始值更适于预测的隐状态值。,warm up | warm-up | 预热期,2,3,,,"P004014 section 《动手学深度学习》 > 循环神经网络 > 循环神经网络的从零开始实现 > 小结; page 1, chars 571866-572093",["P004014"],* 我们可以训练一个基于循环神经网络的字符级语言模型，根据用户提供的文本的前缀生成后续文本。 * 一个简单的循环神经网络语言模型包括输入编码、循环神经网络模型和输出生成。 * 循环神经网络模型在训练以前需要初始化状态，不过随机抽样和顺序划分使用初始化方法不同。 * 当使用顺序划分时，我们需要分离梯度以减少计算量。 * 在进行任何预测之前，模型通过预热期进行自我更新（例如，获得比初始值更好的隐状态）。 * 梯度裁剪可以防止梯度爆炸，但不能应对梯度消失。,合格,,,
E08,Entity,3318,Entity全库确定性均匀抽样,中心裁剪,,,,测试时将图像高度和宽度都缩放到256像素后裁剪中央224×224区域作为输入的预处理操作,CenterCrop | 中心裁剪,1,1,,,"P006734 section 《动手学深度学习》 > 计算机视觉 > 微调 > 热狗识别 > 获取数据集; page 1, chars 1047382-1047573; P006738 section 《动手学深度学习》 > 计算机视觉 > 微调 > 热狗识别 > 获取数据集; page 1, chars 1047965-1048176","[""P006734"", ""P006738""]","在训练期间，我们首先从图像中裁切随机大小和随机长宽比的区域，然后将该区域缩放为$224 \times 224$输入图像。 在测试过程中，我们将图像的高度和宽度都缩放到256像素，然后裁剪中央$224 \times 224$区域作为输入。 此外，对于RGB（红、绿和蓝）颜色通道，我们分别*标准化*每个通道。 具体而言，该通道的每个值减去该通道的平均值，然后将结果除以该通道的标准差。 test_augs = gluon.data.vision.transforms.Compose([ gluon.data.vision.transforms.Resize(256), gluon.data.vision.transforms.CenterCrop(224), gluon.data.vision.transforms.ToTensor(), normalize]) ```",不合格,,,定义不对
E09,Entity,469,Entity全库确定性均匀抽样,Alley_nan,,,,对 Alley 列使用 get_dummies 且 dummy_na=True 后生成的二进制列，对应原始 NaN 类别。,Alley_nan,1,2,,,"P000447 section 《动手学深度学习》 > 预备知识 > 数据预处理 > 处理缺失值; page 1, chars 57875-58102",["P000447"],[**对于`inputs`中的类别值或离散值，我们将“NaN”视为一个类别。**] 由于“巷子类型”（“Alley”）列只接受两种类型的类别值“Pave”和“NaN”， `pandas`可以自动将此列转换为两列“Alley_Pave”和“Alley_nan”。 巷子类型为“Pave”的行会将“Alley_Pave”的值设置为1，“Alley_nan”的值设置为0。 缺少巷子类型的行会将“Alley_Pave”和“Alley_nan”分别设置为0和1。,不合格,,,是一个编程里面的例子，不能算entity
E10,Entity,2164,Entity全库确定性均匀抽样,支持向量机,,,,支持向量机是一种监督学习方法，可作为二分类器使用，在多类分类中可为每个类别训练一个支持向量机来判别样本是否属于该类别。,support vector machines | SVM | 支持向量机,3,2,,,"P003099 section 《动手学深度学习》 > 卷积神经网络 > 卷积神经网络（LeNet）; page 1, chars 394456-394612",["P003099"],当时，LeNet取得了与支持向量机（support vector machines）性能相媲美的成果，成为监督学习的主流方法。 LeNet被广泛用于自动取款机（ATM）机中，帮助识别处理支票的数字。 时至今日，一些自动取款机仍在运行Yann LeCun和他的同事Leon Bottou在上世纪90年代写的代码呢！,凑合,,,其他都对，主要是证据不太对，证据和svm无关
E11,Entity,1010,Entity全库确定性均匀抽样,先验,,,,贝叶斯统计中 $P(w)$，表示参数 $w$ 的先验分布。,$P(w)$ | 先验,1,3,,,"P001890 section 《动手学深度学习》 > 多层感知机 > 权重衰减 > 练习; page 1, chars 241136-241567",["P001890"],1. 在本节的估计问题中使用$\lambda$的值进行实验。绘制训练和测试精度关于$\lambda$的函数。观察到了什么？ 1. 使用验证集来找到最佳值$\lambda$。它真的是最优值吗？这有关系吗？ 1. 如果我们使用$\sum_i |w_i|$作为我们选择的惩罚（$L_1$正则化），那么更新方程会是什么样子？ 1. 我们知道$\|\mathbf{w}\|^2 = \mathbf{w}^\top \mathbf{w}$。能找到类似的矩阵方程吗（见 :numref:`subsec_lin-algebra-norms` 中的Frobenius范数）？ 1. 回顾训练误差和泛化误差之间的关系。除了权重衰减、增加训练数据、使用适当复杂度的模型之外，还能想出其他什么方法来处理过拟合？ 1. 在贝叶斯统计中，我们使用先验和似然的乘积，通过公式$P(w \mid x) \propto P(x \mid w) P(w)$得到后验。如何得到带正则化的$P(w)$？,凑合,,,其他都对，主要是证据不太对，证据和svm无关
E12,Entity,2705,Entity全库确定性均匀抽样,box_iou,,,,用于计算两个锚框或边界框列表之间成对交并比（IoU）的函数。,box_iou | box_iou 函数,3,2,,,"P006872 section 《动手学深度学习》 > 计算机视觉 > 锚框 > [**交并比（IoU）**]; page 1, chars 1069845-1069930; P006873 section 《动手学深度学习》 > 计算机视觉 > 锚框 > [**交并比（IoU）**]; page 1, chars 1069932-1070343","[""P006872"", ""P006873""]","接下来部分将使用交并比来衡量锚框和真实边界框之间、以及不同锚框之间的相似度。 给定两个锚框或边界框的列表，以下`box_iou`函数将在这两个列表中计算它们成对的交并比。 ```{.python .input} #@save def box_iou(boxes1, boxes2): """"""计算两个锚框或边界框列表中成对的交并比"""""" box_area = lambda boxes: ((boxes[:, 2] - boxes[:, 0]) * (boxes[:, 3] - boxes[:, 1])) # boxes1,boxes2,areas1,areas2的形状: # boxes1：(boxes1的数量,4), # boxes2：(boxes2的数量,4), # areas1：(boxes1的数量,), # areas2：(boxes2的数量,) areas1 = box_area(boxes1) areas2 = box_area(boxes2)",合格,,,
E13,Entity,1551,Entity全库确定性均匀抽样,证券,,,,投资者希望购买以期获得良好表现的金融产品,证券,1,3,,,"P003715 section 《动手学深度学习》 > 循环神经网络 > 序列模型 > 练习; page 1, chars 516594-516892",["P003715"],1. 改进本节实验中的模型。 1. 是否包含了过去$4$个以上的观测结果？真实值需要是多少个？ 1. 如果没有噪音，需要多少个过去的观测结果？提示：把$\sin$和$\cos$写成微分方程。 1. 可以在保持特征总数不变的情况下合并旧的观察结果吗？这能提高正确度吗？为什么？ 1. 改变神经网络架构并评估其性能。 1. 一位投资者想要找到一种好的证券来购买。他查看过去的回报，以决定哪一种可能是表现良好的。这一策略可能会出什么问题呢？ 1. 时间是向前推进的因果模型在多大程度上适用于文本呢？ 1. 举例说明什么时候可能需要隐变量自回归模型来捕捉数据的动力学模型。,不合格,,,是一个编程里面的例子，不能算entity
E14,Entity,3246,Entity全库确定性均匀抽样,TPU,,,,其他加速卡的代表，添加了用于快速矩阵乘法的脉动阵列，设计用于支持非常小数量（第一代支持数量为1）的大型操作。,TPU,1,1,,,"P006416 section 《动手学深度学习》 > 计算性能 > 硬件 > GPU和其他加速卡; page 1, chars 984328-984496; P006422 section 《动手学深度学习》 > 计算性能 > 硬件 > GPU和其他加速卡; page 1, chars 985599-985842","[""P006416"", ""P006422""]",毫不夸张地说，如果没有GPU，深度学习就不会成功。基于同样的原因，有理由认为GPU制造商的财富由于深度学习而显著增加。这种硬件和算法的协同进化导致了这样一种情况：无论好坏，深度学习都是更可取的统计建模范式。因此，了解GPU和其他加速卡（如TPU :cite:`Jouppi.Young.Patil.ea.2017`）的具体好处是值得的。 最后值得一提的是*张量核*（tensor core）。它们是最近增加更多优化电路趋势的一个例子，这些优化电路对深度学习特别有效。例如，TPU添加了用于快速矩阵乘法的脉动阵列 :cite:`Kung.1988`，这种设计是为了支持非常小数量（第一代TPU支持数量为1）的大型操作。而张量核是另一个极端。它们针对$4 \times 4$和$16 \times 16$矩阵之间的小型运算进行了优化，具体取决于它们的数值精度。 :numref:`fig_tensorcore`给出了优化的概述。,合格 ,,,
E15,Entity,397,Entity全库确定性均匀抽样,np.random.normal,,,,从正态分布中随机采样的函数，可指定均值、标准差和形状。,np.random.normal,2,3,,,"P000340 section 《动手学深度学习》 > 预备知识 > 数据操作 > 入门; page 1, chars 47085-47219; P000341 section 《动手学深度学习》 > 预备知识 > 数据操作 > 入门; page 1, chars 47221-47280","[""P000340"", ""P000341""]","有时我们想通过从某个特定的概率分布中随机采样来得到张量中每个元素的值。 例如，当我们构造数组来作为神经网络中的参数时，我们通常会随机初始化参数的值。 以下代码创建一个形状为（3,4）的张量。 其中的每个元素都从均值为0、标准差为1的标准高斯分布（正态分布）中随机采样。 ```{.python .input} np.random.normal(0, 1, size=(3, 4)) ```",合格,,,
E16,Entity,2092,Entity全库确定性均匀抽样,fancy_func,,,,"示例代码中定义的函数，依次调用add(a,b)、add(c,d)、add(e,f)并将结果作为返回值",fancy_func,1,3,,,"P006148 section 《动手学深度学习》 > 计算性能 > 编译器和解释器; page 1, chars 950426-950520; P006149 section 《动手学深度学习》 > 计算性能 > 编译器和解释器; page 1, chars 950522-950555","[""P006148"", ""P006149""]","def fancy_func(a, b, c, d): e = add(a, b) f = add(c, d) g = add(e, f) return g print(fancy_func(1, 2, 3, 4)) ```",不合格,,,是一个编程里面的例子，不能算entity
E17,Entity,3787,Entity全库确定性均匀抽样,git commit,,,,Git命令，使用-m参数附带提交信息将暂存区的更改提交到本地仓库,git commit,1,1,,,"P008993 section 《动手学深度学习》 > 附录：深度学习工具 > 为本书做贡献 > 提交主要更改 > 编辑和推送; page 1, chars 1449270-1449384",["P008993"],``` git add chapter_appendix_tools/how-to-contribute.md git commit -m 'fix typo in git documentation' git push ```,合格,,,
E18,Entity,938,Entity全库确定性均匀抽样,模型架构,,,,模型架构是模型的结构（包含神经元数量、层数等），可与超参数一起调整或修改。,模型架构,2,2,,,"P001736 section 《动手学深度学习》 > 多层感知机 > 模型选择、欠拟合和过拟合; page 1, chars 211593-211801",["P001736"],将模型在训练数据上拟合的比在潜在分布中更接近的现象称为*过拟合*（overfitting）， 用于对抗过拟合的技术称为*正则化*（regularization）。 在前面的章节中，有些读者可能在用Fashion-MNIST数据集做实验时已经观察到了这种过拟合现象。 在实验中调整模型架构或超参数时会发现： 如果有足够多的神经元、层数和训练迭代周期， 模型最终可以在训练集上达到完美的精度，此时测试集的准确性却下降了。,合格,,,
E19,Entity,2633,Entity全库确定性均匀抽样,分布式隐变量模型,,,,参数服务器核心思想被首次引入时所基于的统计学习模型背景,分布式隐变量模型,1,1,,,"P006573 section 《动手学深度学习》 > 计算性能 > 参数服务器; page 1, chars 1021256-1021443",["P006573"],参数服务器的核心思想首先是由 :cite:`Smola.Narayanamurthy.2010`在分布式隐变量模型的背景下引入的。然后，在 :cite:`Ahmed.Aly.Gonzalez.ea.2012`中描述了Push和Pull的语义，又在 :cite:`Li.Andersen.Park.ea.2014`中描述了系统和开源库。下面，我们将介绍用于提高计算效率的组件。,合格,,,
E20,Entity,1479,Entity全库确定性均匀抽样,train_ch6,,,,d2l 库中第 6 章定义的模型训练函数，接收网络、训练/测试数据迭代器、训练轮数、学习率和计算设备等参数进行训练，包含 MXNet、TensorFlow 和 Paddle 等多种实现。,d2l.train_ch6 | train_ch6,9,26,,,"P003141 section 《动手学深度学习》 > 卷积神经网络 > 卷积神经网络（LeNet） > 模型训练; page 1, chars 406195-406867; P003142 section 《动手学深度学习》 > 卷积神经网络 > 卷积神经网络（LeNet） > 模型训练; page 1, chars 406869-407993; P003145 section 《动手学深度学习》 > 卷积神经网络 > 卷积神经网络（LeNet） > 模型训练; page 1, chars 408725-408852","[""P003141"", ""P003142"", ""P003145""]","#@save def train_ch6(net_fn, train_iter, test_iter, num_epochs, lr, device): """"""用GPU训练模型(在第六章定义)"""""" device_name = device._device_name strategy = tf.distribute.OneDeviceStrategy(device_name) with strategy.scope(): optimizer = tf.keras.optimizers.SGD(learning_rate=lr) loss = tf.keras.losses.SparseCategoricalCrossentropy(from_logits=True) net = net_fn() net.compile(optimizer=optimizer, loss=loss, metrics=['accuracy']) callback = TrainCallback(net, train_iter, test_iter, num_epochs, device_name) net.fit(train_iter, epochs=num_epochs, verbose=0, callbacks=[callback]) return net ``` ```{.python .input} #@tab paddle #@save def train_ch6(net, train_iter, test_iter, num_epochs, lr, device): """"""用GPU训练模型(在第六章定义)"""""" def init_weights(m): if type(m) == nn.Linear or type(m) == nn.Conv2D: nn.initializer.XavierUniform(m.weight) net.apply(init_weights) print('training on', device) net.to(device) optimizer = paddle.optimizer.SGD(learning_rate=lr, parameters=net.parameters()) loss = nn.CrossEntropyLoss() animator = d2l.Animator(xlabel='epoch', xlim=[1, num_epochs], legend=['train loss', 'train acc', 'test acc']) timer, num_batches = d2l.Timer(), len(train_iter) for epoch in range(num_epochs): # 训练损失之…",不合格,,,是一个编程里面的例子，不能算entity
E21,Entity,3174,Entity全库确定性均匀抽样,paddle.optimizer.Adagrad,,,,PaddlePaddle 深度学习框架中提供的 AdaGrad 优化器类,paddle.optimizer.Adagrad,1,2,,,"P005876 section 《动手学深度学习》 > 优化算法 > AdaGrad算法 > 简洁实现; page 1, chars 904822-904960",["P005876"],"```{.python .input} #@tab paddle trainer = paddle.optimizer.Adagrad d2l.train_concise_ch11(trainer, {'learning_rate': 0.1}, data_iter) ```",合格,,,
E22,Entity,325,Entity全库确定性均匀抽样,CNTK,,,,一种采用符号式编程的深度学习框架，属于取代Caffe、Torch、Theano等第一代框架的第二代框架。,CNTK,2,1,,,"P000268 section 《动手学深度学习》 > 引言 > 深度学习的发展; page 1, chars 37542-38643",["P000268"],最近的工作，首先是由 :cite:`Li.2017` 完成的，随后是 :cite:`You.Gitman.Ginsburg.2017` 和 :cite:`Jia.Song.He.ea.2018` ，将观察大小提高到64000个，将ResNet-50模型在ImageNet数据集上的训练时间减少到不到7分钟。作为比较——最初的训练时间是按天为单位的。 * 并行计算的能力也对强化学习的进步做出了相当关键的贡献。这导致了计算机在围棋、雅达里游戏、星际争霸和物理模拟（例如，使用MuJoCo）中实现超人性能的重大进步。有关如何在AlphaGo中实现这一点的说明，请参见如 :cite:`Silver.Huang.Maddison.ea.2016` 。简而言之，如果有大量的（状态、动作、奖励）三元组可用，即只要有可能尝试很多东西来了解它们之间的关系，强化学习就会发挥最好的作用。仿真提供了这样一条途径。 * 深度学习框架在传播思想方面发挥了至关重要的作用。允许轻松建模的第一代框架包括[Caffe](https://github.com/BVLC/caffe)、[Torch](https://github.com/torch)和[Theano](https://github.com/Theano/Theano)。许多开创性的论文都是用这些工具写的。到目前为止，它们已经被[TensorFlow](https://github.com/tensorflow/tensorflow)（通常通过其高级API [Keras](https://github.com/keras-team/keras)使用）、[CNTK](https://github.com/Microsoft/CNTK)、[Caffe 2](https://github.com/caffe2/caffe2)和[Apache MXNet](https://github.com/apache/incubator-mxnet)所取代。第三代工具，即用于深度学习的命令式工具，可以说是由[Chainer](https://github.com/chainer/chainer)率先推出的，它使用类似于Python NumPy的语法来描述模型。这个想法被[PyTorch](https://github.com/pytorch/pytorch)、MXNet的[Gluon API](https://github.com/apache/incubator-mxnet)和[Jax](https://github.com/google/jax)都采纳了。,合格,,,
E23,Entity,2020,Entity全库确定性均匀抽样,tf.keras.optimizers.RMSprop,,,,TensorFlow 中提供的 RMSProp 优化器类，被赋值给 trainer 用于调用 `d2l.train_concise_ch11` 进行训练,tf.keras.optimizers.RMSprop,1,0,,,"P005920 section 《动手学深度学习》 > 优化算法 > RMSProp算法 > 简洁实现; page 1, chars 911620-911801",["P005920"],"```{.python .input} #@tab tensorflow trainer = tf.keras.optimizers.RMSprop d2l.train_concise_ch11(trainer, {'learning_rate': 0.01, 'rho': 0.9}, data_iter) ```",合格,,,
E24,Entity,3715,Entity全库确定性均匀抽样,时钟频率,,,,CPU的核心运行速度；少核高频CPU在深度学习服务器中比多核低频更经济,时钟速度 | 时钟频率,1,0,,,"P008942 section 《动手学深度学习》 > 附录：深度学习工具 > 选择服务器和GPU > 选择服务器; page 1, chars 1443082-1443329; P008945 section 《动手学深度学习》 > 附录：深度学习工具 > 选择服务器和GPU > 选择服务器; page 1, chars 1443827-1444700","[""P008942"", ""P008945""]",通常不需要购买具有多个线程的高端CPU，因为大部分计算都发生在GPU上。这就是说，由于Python中的全局解释器锁（GIL），CPU的单线程性能在有4-8个GPU的情况下可能很重要。所有的条件都是一样的，这意味着核数较少但时钟频率较高的CPU可能是更经济的选择。例如，当在6核4GHz和8核3.5GHz CPU之间进行选择时，前者更可取，即使其聚合速度较低。一个重要的考虑因素是，GPU使用大量的电能，从而释放大量的热量。这需要非常好的冷却和足够大的机箱来容纳GPU。如有可能，请遵循以下指南： * **初学者**。购买低功耗的低端GPU（适合深度学习的廉价游戏GPU，功耗150-200W）。如果幸运的话，大家现在常用的计算机将支持它。 * **1个GPU**。一个4核的低端CPU就足够了，大多数主板也足够了。以至少32 GB的DRAM为目标，投资SSD进行本地数据访问。600W的电源应足够。买一个有很多风扇的GPU。 * **2个GPU**。一个4-6核的低端CPU就足够了。可以考虑64 GB的DRAM并投资于SSD。两个高端GPU将需要1000瓦的功率。对于主板，请确保它们具有*两个*PCIe 3.0 x16插槽。如果可以，请使用PCIe 3.0 x16插槽之间有两个可用空间（60毫米间距）的主板，以提供额外的空气。在这种情况下，购买两个具有大量风扇的GPU。 * **4个GPU**。确保购买的CPU具有相对较快的单线程速度（即较高的时钟频率）。可能需要具有更多PCIe通道的CPU，例如AMD Threadripper。可能需要相对昂贵的主板才能获得4个PCIe 3.0 x16插槽，因为它们可能需要一个PLX来多路复用PCIe通道。购买带有公版设计的GPU，这些GPU很窄，并且让空气进入GPU之间。需要一个1600-2000W的电源，而办公室的插座可能不支持。此服务器可能在运行时*声音很大，很热*。不想把它放在桌子下面。建议使用128 GB的DRAM。获取一个用于本地存储的SSD（1-2 TB NVMe）和RAID配置的硬盘来存储数据。 * **8 GPU**。需要购买带有多个冗余电源的专用多GPU服务器机箱（例如，每个电源为1600W时为2+1）。这将需要双插槽服务器CPU、256 GB ECC DRAM、快速网卡（建议使用10 GBE），并且需要检查服务器是否支持GPU的*物理外形*。用户GPU和服务器GPU之间的气流和布线位置存在显著差异（例如RTX 2080和Tesla V100）。这意味着可能无法在服务器中安装消费级GPU，因为电源线间隙不足或缺少合适的接线（本书一位合著者痛苦地发现了这一点）。,合格,,,
E25,Entity,866,Entity全库确定性均匀抽样,predict_ch3,,,,predict_ch3 是 d2l 包中用于在测试数据上对训练好的模型进行预测的函数，接收网络和测试数据迭代器等参数，通过 argmax 获取预测标签，并将真实标签与预测标签拼接后借助 show_images 将前 n 张 28×28 图像及其标签可视化。,d2l.predict_ch3 | predict_ch3,2,5,,,"P001498 section 《动手学深度学习》 > 线性神经网络 > softmax回归的从零开始实现 > 预测; page 1, chars 183708-184118",["P001498"],"```{.python .input} #@tab all def predict_ch3(net, test_iter, n=6): #@save """"""预测标签（定义见第3章）"""""" for X, y in test_iter: break trues = d2l.get_fashion_mnist_labels(y) preds = d2l.get_fashion_mnist_labels(d2l.argmax(net(X), axis=1)) titles = [true +'\n' + pred for true, pred in zip(trues, preds)] d2l.show_images( d2l.reshape(X[0:n], (n, 28, 28)), 1, n, titles=titles[0:n])",不合格,,,是一个编程里面的例子，不能算entity
C01,Claim,616,Claim全库确定性均匀抽样,,结果,是样本空间的元素,样本空间,,,,,1,1,"P000908 section 《动手学深度学习》 > 预备知识 > 概率 > 基本概率论 > 概率论公理; page 1, chars 103025-103334",["P000908"],"在处理骰子掷出时，我们将集合$\mathcal{S} = \{1, 2, 3, 4, 5, 6\}$ 称为*样本空间*（sample space）或*结果空间*（outcome space）， 其中每个元素都是*结果*（outcome）。 *事件*（event）是一组给定样本空间的随机结果。 例如，“看到$5$”（$\{5\}$）和“看到奇数”（$\{1, 3, 5\}$）都是掷出骰子的有效事件。 注意，如果一个随机实验的结果在$\mathcal{A}$中，则事件$\mathcal{A}$已经发生。 也就是说，如果投掷出$3$点，因为$3 \in \{1, 3, 5\}$，我们可以说，“看到奇数”的事件发生了。",合格,,,
C02,Claim,2311,Claim全库确定性均匀抽样,,稠密连接网络（DenseNet）,uses,批量规范化,,,,,629,1,"P003560 section 《动手学深度学习》 > 现代卷积神经网络 > 稠密连接网络（DenseNet） > (**稠密块体**); page 1, chars 490140-490220",["P003560"],DenseNet使用了ResNet改良版的“批量规范化、激活和卷积”架构（参见 :numref:`sec_resnet`中的练习）。 我们首先实现一下这个架构。,合格,,,
C03,Claim,4006,Claim全库确定性均匀抽样,,深度循环神经网络,可能需要调整参数,修剪（深度循环神经网络调参技术）,,,,,3,1,"P004351 section 《动手学深度学习》 > 现代循环神经网络 > 深度循环神经网络 > 小结; page 1, chars 626090-626264",["P004351"],* 在深度循环神经网络中，隐状态的信息被传递到当前层的下一时间步和下一层的当前时间步。 * 有许多不同风格的深度循环神经网络， 如长短期记忆网络、门控循环单元、或经典循环神经网络。 这些模型在深度学习框架的高级API中都有涵盖。 * 总体而言，深度循环神经网络需要大量的调参（如学习率和修剪） 来确保合适的收敛，模型的初始化也需要谨慎。,合格,,,
C04,Claim,5701,Claim全库确定性均匀抽样,,学习率,广泛学习率选择下保证收敛,随机梯度下降,,,,,1,1,"P005606 section 《动手学深度学习》 > 优化算法 > 随机梯度下降 > 小结; page 1, chars 860620-860872",["P005606"],* 对于凸问题，我们可以证明，对于广泛的学习率选择，随机梯度下降将收敛到最优解。 * 对于深度学习而言，情况通常并非如此。但是，对凸问题的分析使我们能够深入了解如何进行优化，即逐步降低学习率，尽管不是太快。 * 如果学习率太小或太大，就会出现问题。实际上，通常只有经过多次实验后才能找到合适的学习率。 * 当训练数据集中有更多样本时，计算梯度下降的每次迭代的代价更高，因此在这些情况下，首选随机梯度下降。 * 随机梯度下降的最优性保证在非凸情况下一般不可用，因为需要检查的局部最小值的数量可能是指数级的。,不合格,,,忽略了前提条件
C05,Claim,1157,Claim全库确定性均匀抽样,,线性模型,可表示,仿射变换,,,,,6,1,"P001574 section 《动手学深度学习》 > 多层感知机 > 多层感知机 > 隐藏层 > 从线性到非线性; page 1, chars 192865-193022",["P001574"],注意在添加隐藏层之后，模型现在需要跟踪和更新额外的参数。 可我们能从中得到什么好处呢？在上面定义的模型里，我们没有好处！ 原因很简单：上面的隐藏单元由输入的仿射函数给出， 而输出（softmax操作前）只是隐藏单元的仿射函数。 仿射函数的仿射函数本身就是仿射函数， 但是我们之前的线性模型已经能够表示任何仿射函数。,合格,,,
C06,Claim,2852,Claim全库确定性均匀抽样,,参数,使加权区域更加尖锐,注意力权重,,,,,1,1,"P004826 section 《动手学深度学习》 > 注意力机制 > 注意力汇聚：Nadaraya-Watson 核回归 > 练习; page 1, chars 714703-714905",["P004826"],1. 增加训练数据的样本数量，能否得到更好的非参数的Nadaraya-Watson核回归模型？ 1. 在带参数的注意力汇聚的实验中学习得到的参数$w$的价值是什么？为什么在可视化注意力权重时，它会使加权区域更加尖锐？ 1. 如何将超参数添加到非参数的Nadaraya-Watson核回归中以实现更好地预测结果？ 1. 为本节的核回归设计一个新的带参数的注意力汇聚模型。训练这个新模型并可视化其注意力权重。,不合格,,,忽略了前提条件
C07,Claim,4547,Claim全库确定性均匀抽样,,多机参数服务器梯度同步时间复杂度 O(m),可降低,多机参数服务器梯度同步时间复杂度 O(m/n),,,,,5,1,"P006596 section 《动手学深度学习》 > 计算性能 > 参数服务器 > 多机训练; page 1, chars 1024924-1025323",["P006596"],以上这些操作似乎都相当简单，而且事实上它们可以在一台机器内高效地执行，但是当我们考虑多台机器时，就会发现中央的参数服务器成为了瓶颈。毕竟，每个服务器的带宽是有限的，因此对$m$个工作节点来说，将所有梯度发送到服务器所需的时间是$\mathcal{O}(m)$。我们也可以通过将参数服务器数量增加到$n$来突破这一障碍。此时，每个服务器只需要存储$\mathcal{O}(1/n)$个参数，因此更新和优化的总时间变为$\mathcal{O}(m/n)$。这两个数字的匹配会产生稳定的伸缩性，而不用在乎我们需要处理多少工作节点。在实际应用中，我们使用同一台机器既作为工作节点还作为服务器。设计说明请参考 :numref:`fig_ps_multips`（技术细节请参考 :cite:`Li.Andersen.Park.ea.2014`）。特别是，确保多台机器只在没有不合理延迟的情况下工作是相当困难的。,合格,,,
C08,Claim,6242,Claim全库确定性均匀抽样,,BERT预训练辅助函数,配套服务,预训练任务,,,,,2,1,"P008258 section 《动手学深度学习》 > 自然语言处理：预训练 > 用于预训练BERT的数据集 > 为预训练任务定义辅助函数; page 1, chars 1320885-1320956",["P008258"],在下文中，我们首先为BERT的两个预训练任务实现辅助函数。这些辅助函数将在稍后将原始文本语料库转换为理想格式的数据集时调用，以预训练BERT。,合格,,,
C09,Claim,3,Claim全库确定性均匀抽样,,机器学习,part_of,计算机视觉,,,,,8,1,"P000004 section 《动手学深度学习》 > 前言; page 1, chars 76-335",["P000004"],几年前，在大公司和初创公司中，并没有大量的深度学习科学家开发智能产品和服务。我们中年轻人（作者）进入这个领域时，机器学习并没有在报纸上获得头条新闻。我们的父母根本不知道什么是机器学习，更不用说为什么我们可能更喜欢机器学习，而不是从事医学或法律职业。机器学习是一门具有前瞻性的学科，在现实世界的应用范围很窄。而那些应用，例如语音识别和计算机视觉，需要大量的领域知识，以至于它们通常被认为是完全独立的领域，而机器学习对这些领域来说只是一个小组件。因此，神经网络——我们在本书中关注的深度学习模型的前身，被认为是过时的工具。,不合格,,,忽略了前提条件
C10,Claim,1698,Claim全库确定性均匀抽样,,围棋,是...的实例,强化学习,,,,,22,1,"P002185 section 《动手学深度学习》 > 多层感知机 > 环境和分布偏移 > 学习问题的分类法 > 强化学习; page 1, chars 280308-280466",["P002185"],*强化学习*（reinforcement learning）强调如何基于环境而行动，以取得最大化的预期利益。 国际象棋、围棋、西洋双陆棋或星际争霸都是强化学习的应用实例。 再比如，为自动驾驶汽车制造一个控制器，或者以其他方式对自动驾驶汽车的驾驶方式做出反应 （例如，试图避开某物体，试图造成事故，或者试图与其合作）。,不合格,,,AI下围棋是强化学习的实例，但是围棋不能是
C11,Claim,3393,Claim全库确定性均匀抽样,,Paddle（d2l 教材中的 PaddlePaddle 框架标签）,represented_by_device_api,GPU,,,,,5,2,"P002711 section 《动手学深度学习》 > 深度学习计算 > GPU > [**计算设备**]; page 1, chars 349727-350032",["P002711"],":begin_tab:`paddle` 在飞桨中，CPU和GPU可以用`paddle.device.set_device('cpu')` 和`paddle.device.set_device('gpu')`表示。 应该注意的是，`cpu`设备意味着所有物理CPU和内存, 这意味着飞桨的计算将尝试使用所有CPU核心。 然而，`gpu`设备只代表一个卡和相应的显存。 如果有多个GPU，我们使用`paddle.device.get_device()` 其中输出的数字是表示的是卡号（比如`gpu:3`，表示的是卡3，注意GPU的卡号是从0开始的）。 另外，`gpu:0`和`gpu`是等价的。 :end_tab:",合格,,,
C12,Claim,5088,Claim全库确定性均匀抽样,,风格损失,uses,平方误差,,,,,629,1,"P007531 section 《动手学深度学习》 > 计算机视觉 > 风格迁移 > [**定义损失函数**] > 风格损失; page 1, chars 1191919-1192181",["P007531"],"风格损失与内容损失类似，也通过平方误差函数衡量合成图像与风格图像在风格上的差异。 为了表达风格层输出的风格，我们先通过`extract_features`函数计算风格层的输出。 假设该输出的样本数为1，通道数为$c$，高和宽分别为$h$和$w$，我们可以将此输出转换为矩阵$\mathbf{X}$，其有$c$行和$hw$列。 这个矩阵可以被看作由$c$个长度为$hw$的向量$\mathbf{x}_1, \ldots, \mathbf{x}_c$组合而成的。其中向量$\mathbf{x}_i$代表了通道$i$上的风格特征。",凑合,,,单纯从这个上下文里确实是这样，但实际上分割损失也会有别的计算方法
C13,Claim,6783,Claim全库确定性均匀抽样,,Image,保存在,Amazon Machine Image,,,,,14,1,"P008933 section 《动手学深度学习》 > 附录：深度学习工具 > 使用Amazon EC2实例 > 关闭未使用的实例; page 1, chars 1442161-1442431",["P008933"],如果你想要将该实例用作更多实例的模板，请右击 :numref:`fig_connect`中的例子，然后选择“Image”$\rightarrow$“Create”以创建该实例的镜像。完成后，选择“实例状态”$\rightarrow$“终止”以终止实例。下次要使用此实例时，可以按照本节中的步骤基于保存的镜像创建实例。唯一的区别是，在 :numref:`fig_ubuntu`所示的“1.选择AMI”中，你必须使用左侧的“我的AMI”选项来选择你保存的镜像。创建的实例将保留镜像硬盘上存储的信息。例如，你不必重新安装CUDA和其他运行时环境。,不合格,,,这个仅仅是一个实例，它并不能算是一条知识
C14,Claim,544,Claim全库确定性均匀抽样,,numerical_lim,计算差商,差商,,,,,1,1,"P000724 section 《动手学深度学习》 > 预备知识 > 微积分 > 导数和微分; page 1, chars 82881-82971; P000725 section 《动手学深度学习》 > 预备知识 > 微积分 > 导数和微分; page 1, chars 82973-83086","[""P000724"", ""P000725""]","```{.python .input} #@tab all def numerical_lim(f, x, h): return (f(x + h) - f(x)) / h h = 0.1 for i in range(5): print(f'h={h:.5f}, numerical limit={numerical_lim(f, 1, h):.5f}') h *= 0.1 ```",不合格,,,
C15,Claim,2239,Claim全库确定性均匀抽样,,NiN（网络中的网络）,移除组件,全连接层,,,,,4,1,"P003308 section 《动手学深度学习》 > 现代卷积神经网络 > 网络中的网络（NiN） > 小结; page 1, chars 436791-436999",["P003308"],* NiN使用由一个卷积层和多个$1\times 1$卷积层组成的块。该块可以在卷积神经网络中使用，以允许更多的每像素非线性。 * NiN去除了容易造成过拟合的全连接层，将它们替换为全局平均汇聚层（即在所有位置上进行求和）。该汇聚层通道数量为所需的输出数量（例如，Fashion-MNIST的输出为10）。 * 移除全连接层可减少过拟合，同时显著减少NiN的参数。 * NiN的设计影响了许多后续卷积神经网络的设计。,合格,,,
C16,Claim,3934,Claim全库确定性均匀抽样,,通过时间的完全反向传播,应用于,eq_bptt_partial_ht_wh_gen（BPTT 中 h_t 对 w_h 偏导数的完整求和梯度表达式）,,,,,222,1,"P004104 section 《动手学深度学习》 > 循环神经网络 > 通过时间反向传播 > 循环神经网络的梯度分析 > 完全计算; page 1, chars 586344-586575",["P004104"],显然，我们可以仅仅计算 :eqref:`eq_bptt_partial_ht_wh_gen`中的全部总和， 然而，这样的计算非常缓慢，并且可能会发生梯度爆炸， 因为初始条件的微小变化就可能会对结果产生巨大的影响。 也就是说，我们可以观察到类似于蝴蝶效应的现象， 即初始条件的很小变化就会导致结果发生不成比例的变化。 这对于我们想要估计的模型而言是非常不可取的。 毕竟，我们正在寻找的是能够很好地泛化高稳定性模型的估计器。 因此，在实践中，这种方法几乎从未使用过。,不合格,,,
C17,Claim,5629,Claim全库确定性均匀抽样,,卷积神经网络,uses,卷积核大小 k,,,,,629,1,"P005062 section 《动手学深度学习》 > 注意力机制 > 自注意力和位置编码 > 比较卷积神经网络、循环神经网络和自注意力; page 1, chars 766813-767138",["P005062"],考虑一个卷积核大小为$k$的卷积层。 在后面的章节将提供关于使用卷积神经网络处理序列的更多详细信息。 目前只需要知道的是，由于序列长度是$n$，输入和输出的通道数量都是$d$， 所以卷积层的计算复杂度为$\mathcal{O}(knd^2)$。 如 :numref:`fig_cnn-rnn-self-attention`所示， 卷积神经网络是分层的，因此为有$\mathcal{O}(1)$个顺序操作， 最大路径长度为$\mathcal{O}(n/k)$。 例如，$\mathbf{x}_1$和$\mathbf{x}_5$处于 :numref:`fig_cnn-rnn-self-attention`中卷积核大小为3的双层卷积神经网络的感受野内。,合格,,,
C18,Claim,1085,Claim全库确定性均匀抽样,,softmax回归,输出层类型为,全连接层,,,,,1,1,"P001516 section 《动手学深度学习》 > 线性神经网络 > softmax回归的简洁实现 > 初始化模型参数; page 1, chars 185679-185851",["P001516"],如我们在 :numref:`sec_softmax`所述， [**softmax回归的输出层是一个全连接层**]。 因此，为了实现我们的模型， 我们只需在`Sequential`中添加一个带有10个输出的全连接层。 同样，在这里`Sequential`并不是必要的， 但它是实现深度模型的基础。 我们仍然以均值0和标准差0.01随机初始化权重。,合格,,,
C19,Claim,2780,Claim全库确定性均匀抽样,,<eos>（序列结束词元）,标记序列终止,输出序列,,,,,1,1,"P004643 section 《动手学深度学习》 > 现代循环神经网络 > 束搜索; page 1, chars 685824-685993",["P004643"],在 :numref:`sec_seq2seq`中，我们逐个预测输出序列， 直到预测序列中出现特定的序列结束词元“&lt;eos&gt;”。 本节将首先介绍*贪心搜索*（greedy search）策略， 并探讨其存在的问题，然后对比其他替代策略： *穷举搜索*（exhaustive search）和*束搜索*（beam search）。,合格,,,
C20,Claim,4475,Claim全库确定性均匀抽样,,p3.16xlarge,配备组件,GPU,,,,,8,1,"P006444 section 《动手学深度学习》 > 计算性能 > 多GPU训练 > 问题拆分; page 1, chars 993129-993472",["P006444"],我们从一个简单的计算机视觉问题和一个稍稍过时的网络开始。 这个网络有多个卷积层和汇聚层，最后可能有几个全连接的层，看起来非常类似于LeNet :cite:`LeCun.Bottou.Bengio.ea.1998`或AlexNet :cite:`Krizhevsky.Sutskever.Hinton.2012`。 假设我们有多个GPU（如果是桌面服务器则有$2$个，AWS g4dn.12xlarge上有$4$个，p3.16xlarge上有$8$个，p2.16xlarge上有$16$个）。 我们希望以一种方式对训练进行拆分，为实现良好的加速比，还能同时受益于简单且可重复的设计选择。 毕竟，多个GPU同时增加了内存和计算能力。 简而言之，对于需要分类的小批量训练数据，我们有以下选择。,凑合,,,这个其实算不上一条知识
C21,Claim,6170,Claim全库确定性均匀抽样,,BERT,微调模型参数,Transformer编码器,,,,,2,1,"P008163 section 《动手学深度学习》 > 自然语言处理：预训练 > 来自Transformers的双向编码器表示（BERT） > BERT：把两个最好的结合起来; page 1, chars 1298864-1299263",["P008163"],如我们所见，ELMo对上下文进行双向编码，但使用特定于任务的架构；而GPT是任务无关的，但是从左到右编码上下文。BERT（来自Transformers的双向编码器表示）结合了这两个方面的优点。它对上下文进行双向编码，并且对于大多数的自然语言处理任务 :cite:`Devlin.Chang.Lee.ea.2018`只需要最少的架构改变。通过使用预训练的Transformer编码器，BERT能够基于其双向上下文表示任何词元。在下游任务的监督学习过程中，BERT在两个方面与GPT相似。首先，BERT表示将被输入到一个添加的输出层中，根据任务的性质对模型架构进行最小的更改，例如预测每个词元与预测整个序列。其次，对预训练Transformer编码器的所有参数进行微调，而额外的输出层将从头开始训练。 :numref:`fig_elmo-gpt-bert` 描述了ELMo、GPT和BERT之间的差异。,合格,,,
C22,Claim,1626,Claim全库确定性均匀抽样,,协变量偏移,是...的一种类型/子领域,分布偏移,,,,,2,1,"P002106 section 《动手学深度学习》 > 多层感知机 > 环境和分布偏移 > 分布偏移的类型 > 协变量偏移; page 1, chars 270697-270919",["P002106"],在不同分布偏移中，协变量偏移可能是最为广泛研究的。 这里我们假设：虽然输入的分布可能随时间而改变， 但标签函数（即条件分布$P(y \mid \mathbf{x})$）没有改变。 统计学家称之为*协变量偏移*（covariate shift）， 因为这个问题是由于协变量（特征）分布的变化而产生的。 虽然有时我们可以在不引用因果关系的情况下对分布偏移进行推断， 但在我们认为$\mathbf{x}$导致$y$的情况下，协变量偏移是一种自然假设。,合格,,,
C23,Claim,3321,Claim全库确定性均匀抽样,,学习率调度器,减轻,过拟合,,,,,8,1,"P006085 section 《动手学深度学习》 > 优化算法 > 学习率调度器 > 学习率调度器; page 1, chars 941473-941603",["P006085"],这比以前好一些：曲线比以前更加平滑，并且过拟合更小了。 遗憾的是，关于为什么在理论上某些策略会导致较轻的过拟合，有一些观点认为，较小的步长将导致参数更接近零，因此更简单。 但是，这并不能完全解释这种现象，因为我们并没有真正地提前停止，而只是轻柔地降低了学习率。,合格,,,
C24,Claim,5016,Claim全库确定性均匀抽样,,DataLoader,封装,VOCSegDataset,,,,,12,1,"P007441 section 《动手学深度学习》 > 计算机视觉 > 全卷积网络 > [**读取数据集**]; page 1, chars 1178443-1179085",["P007441"],"```{.python .input} #@tab paddle import os def load_data_voc(batch_size, crop_size): """"""加载VOC语义分割数据集 Defined in :numref:`sec_semantic_segmentation`"""""" voc_dir = d2l.download_extract('voc2012', os.path.join( 'VOCdevkit', 'VOC2012')) train_iter = paddle.io.DataLoader( d2l.VOCSegDataset(True, crop_size, voc_dir), batch_size=batch_size, shuffle=True, return_list=True, drop_last=True, num_workers=0) test_iter = paddle.io.DataLoader( d2l.VOCSegDataset(False, crop_size, voc_dir), batch_size=batch_size, drop_last=True, return_list=True, num_workers=0) return train_iter, test_iter",凑合,,,这个其实算不上一条知识
C25,Claim,6711,Claim全库确定性均匀抽样,,Kernel→Restart & Run All,用于运行所有单元格,Jupyter记事本,,,,,1,1,"P008806 section 《动手学深度学习》 > 附录：深度学习工具 > 使用Jupyter Notebook > 在本地编辑和运行代码; page 1, chars 1431923-1432084",["P008806"],当一个notebook包含更多单元格时，我们可以单击菜单栏中的“Kernel”$\rightarrow$“Restart & Run All”来运行整个notebook中的所有单元格。通过单击菜单栏中的“Help”$\rightarrow$“Edit Keyboard Shortcuts”，可以根据你的首选项编辑快捷键。,凑合,,,这个其实算不上一条知识
